{
    "matrix": { 
        "rows": 4, 
        "cols": 12 
    },
    "layouts": {
        "keymap": [
            [
              {
                "y": 4.2,
                "x": 5.75,
                "w": 1.75
              },
              "3,2"
            ],
            [
              {
                "r": 2,
                "rx": 10.5,
                "ry": 4.5,
                "y": -1,
                "x": -1.25,
                "w": 1.25
              },
              "3,4"
            ],
            [
              {
                "r": 10,
                "rx": 5.425,
                "ry": 4.2,
                "x": -1.25,
                "w": 1.25
              },
              "3,1"
            ],
            [
              {
                "rx": 6.75,
                "ry": 0,
                "y": 0.75,
                "x": -3
              },
              "0,3"
            ],
            [
              {
                "y": -0.82,
                "x": -4
              },
              "0,2",
              {
                "x": 1
              },
              "0,4"
            ],
            [
              {
                "y": -0.8199999999999998,
                "x": -5
              },
              "0,1",
              {
                "x": 3
              },
              "0,5"
            ],
            [
              {
                "y": -0.8199999999999998,
                "x": -6
              },
              "0,0"
            ],
            [
              {
                "y": -0.54,
                "x": -3
              },
              "1,3"
            ],
            [
              {
                "y": -0.8199999999999998,
                "x": -4
              },
              "1,2",
              {
                "x": 1
              },
              "1,4"
            ],
            [
              {
                "y": -0.8199999999999998,
                "x": -5
              },
              "1,1",
              {
                "x": 3
              },
              "1,5"
            ],
            [
              {
                "y": -0.8199999999999998,
                "x": -6
              },
              "1,0"
            ],
            [
              {
                "y": -0.54,
                "x": -3
              },
              "2,3"
            ],
            [
              {
                "y": -0.8199999999999998,
                "x": -4
              },
              "2,2",
              {
                "x": 1
              },
              "2,4"
            ],
            [
              {
                "y": -0.8199999999999998,
                "x": -5
              },
              "2,1",
              {
                "x": 3
              },
              "2,5"
            ],
            [
              {
                "rx": 6.8,
                "y": 3.29,
                "x": -6.05
              },
              "2,0"
            ],
            [
              {
                "r": -10,
                "rx": 6.5,
                "y": 0.75,
                "x": 2
              },
              "0,8"
            ],
            [
              {
                "y": -0.82,
                "x": 1
              },
              "0,7",
              {
                "x": 1
              },
              "0,9"
            ],
            [
              {
                "y": -0.8199999999999998
              },
              "0,6",
              {
                "x": 3
              },
              "0,10"
            ],
            [
              {
                "y": -0.8199999999999998,
                "x": 5
              },
              "0,11"
            ],
            [
              {
                "y": -0.54,
                "x": 2
              },
              "1,8"
            ],
            [
              {
                "y": -0.8199999999999998,
                "x": 1
              },
              "1,7",
              {
                "x": 1
              },
              "1,9"
            ],
            [
              {
                "y": -0.8199999999999998
              },
              "1,6",
              {
                "x": 3
              },
              "1,10"
            ],
            [
              {
                "y": -0.8199999999999998,
                "x": 5
              },
              "1,11"
            ],
            [
              {
                "y": -0.54,
                "x": 2
              },
              "2,8"
            ],
            [
              {
                "y": -0.8199999999999998,
                "x": 1
              },
              "2,7",
              {
                "x": 1
              },
              "2,9"
            ],
            [
              {
                "y": -0.8199999999999998
              },
              "2,6",
              {
                "x": 3
              },
              "2,10"
            ],
            [
              {
                "y": -0.8199999999999998,
                "x": 5
              },
              "2,11"
            ],
            [
              {
                "rx": 7.875,
                "ry": 4.2,
                "w": 1.25
              },
              "3,3"
            ],
            [
              {
                "r": -2,
                "rx": 2.75,
                "ry": 4.5,
                "y": -1,
                "w": 1.25
              },
              "3,0"
            ]
          ]
    }
}